{
  "install": "messages/install.md",
  "1.2.0": "messages/1.2.0.txt",
  "1.3.0": "messages/1.3.0.txt",
  "1.3.1": "messages/1.3.1.txt",
  "1.3.2": "messages/1.3.2.txt",
  "1.3.3": "messages/1.3.3.txt",
  "2.0.0": "messages/2.0.0.txt",
  "2.0.1": "messages/2.0.1.txt",
  "2.0.2": "messages/2.0.2.txt",
  "2.0.3": "messages/2.0.3.txt",
  "2.1.0": "messages/2.1.0.txt",
  "2.1.1": "messages/2.1.1.txt",
  "2.2.0": "messages/2.2.0.txt",
  "2.2.1": "messages/2.2.1.txt",
  "2.2.2": "messages/2.2.2.txt",
  "3.0.0": "messages/3.0.0.md",
  "3.0.1": "messages/3.0.1.md",
  "3.1.0": "messages/3.1.0.md",
  "3.1.1": "messages/3.1.1.md",
  "3.1.2": "messages/3.1.2.md",
  "3.1.4": "messages/3.1.4.md",
  "3.1.5": "messages/3.1.5.md",
  "3.1.6": "messages/3.1.6.md",
  "3.1.8": "messages/3.1.8.md",
  "3.2.0": "messages/3.2.0.md",
  "3.2.1": "messages/3.2.1.md",
  "4.0.0": "messages/4.0.0.md",
  "5.0.0": "messages/5.0.0.md",
  "5.0.1": "messages/5.0.1.md",
  "5.0.2": "messages/5.0.2.md",
  "5.0.3": "messages/5.0.3.md",
  "5.1.0": "messages/5.1.0.md"
}
